,bidder_type,highest_bid,second_highest_bid
0,early_bidders,1966.8001087388943,1921.5300636648096
1,early_bidders,2706.6242827106726,1942.9293785033751
2,snipers,3103.631428053747,2818.8249699246167
3,snipers,2741.606890432006,2401.278379715053
4,snipers,2727.5269429153514,2683.3150498299005
5,snipers,2520.8082584416497,2285.6916010757777
6,snipers,2805.9348950013123,2468.785473582705
7,snipers,3036.3246704308617,2773.1462302957784
8,snipers,2649.293748706066,2322.030447619479
9,early_bidders,2524.941142052967,2403.7621578959092
10,snipers,2467.270391607773,2321.9492408489627
11,snipers,2726.7742262962747,2194.941920418654
12,snipers,2797.8201778283155,2425.38965684699
13,snipers,2486.4514250371435,2388.3763101340355
14,snipers,2462.270914312342,2075.105471326227
15,snipers,3877.508045141357,2977.595832128322
16,snipers,2207.369725980144,1924.965642647025
17,snipers,3599.8713271149763,2369.573287242944
18,snipers,2614.6535378108492,2078.936001335548
19,snipers,2432.1461418236313,2370.8070530625146
20,snipers,2344.564645185121,2320.389175219405
21,snipers,2506.3508886452796,2184.7047237252154
22,snipers,2926.153689655985,2114.901911335814
23,snipers,3317.552800344897,2325.5204670494923
24,early_bidders,2685.368493100461,2432.288843753693
25,snipers,2711.3461183255868,2112.67723646064
26,snipers,2567.470924887666,2374.978129027763
27,snipers,2836.1442526707588,2414.5072690190827
28,snipers,2314.2093133198223,1843.0342129300718
29,snipers,2611.5367964651964,2449.8323652157615
30,snipers,3051.6387230944374,1804.9882911112404
31,snipers,2498.079423610398,2297.235445293525
32,snipers,2138.528855001088,1938.2438423503806
33,snipers,2520.55007398044,2287.972306244938
34,snipers,4350.738833651154,2698.104532468934
35,snipers,2924.625345496554,2512.268253644971
36,early_bidders,2088.5690160374324,2052.091084642355
37,snipers,3036.992596803351,2379.405286860709
38,snipers,2189.791040658395,2098.5906948507463
39,early_bidders,2306.4120292145863,2078.2344584579846
40,early_bidders,2326.272541604325,2264.012178172358
41,snipers,2658.9499292015284,2571.198749303954
42,snipers,2033.8179655633776,1873.8471427184913
43,early_bidders,2377.7153198853966,2367.817808493797
44,early_bidders,2463.1454504101484,2002.2996376131364
45,snipers,2972.6713053671115,2269.9939357199873
46,snipers,2748.734747832548,2049.4322290104674
47,snipers,2443.742340872299,2094.8236636402958
48,snipers,2519.103910337946,2125.6169348674684
49,snipers,2873.358819211644,1951.4841571278118
50,early_bidders,2939.338813439883,2522.411557332384
51,snipers,2202.2069428967475,2096.7757655864784
52,early_bidders,2398.8425425882137,2133.817624755715
53,early_bidders,2285.9013530142633,2080.4122040728475
54,early_bidders,2673.664375254959,2659.3693525942995
55,early_bidders,2446.3732824384706,2175.6112326170423
56,snipers,2034.992059026901,1952.689118100451
57,snipers,2344.5546910840867,2230.714180729578
58,snipers,2521.7557061578677,1955.6348430028224
59,snipers,2790.646839741814,2214.1597207591067
60,snipers,2681.789017697644,2105.198007716092
61,snipers,2775.6866992491196,2717.158895440468
62,snipers,3226.0909819732724,2923.477286410364
63,early_bidders,2437.139724581657,2151.600954423868
64,snipers,2732.622539126137,2540.4655853680697
65,snipers,1820.4153889987654,1792.2971934471382
66,early_bidders,1843.6321539916876,1828.4630811401435
67,early_bidders,2576.8052940950797,2263.450769831854
68,snipers,3160.605942431258,2669.0171078411913
69,early_bidders,2428.238130434286,2302.0943695864166
70,snipers,2302.3083008319763,2231.2816491752556
71,snipers,2496.7182089642397,2203.0873414544117
72,snipers,2606.229071730668,2216.5887488352496
73,snipers,3645.3532107754518,3261.74893321328
74,early_bidders,2231.584338708459,2231.584338708459
75,snipers,3059.750731657947,2690.703589535164
76,snipers,2089.2510383378535,1919.5049346794494
77,snipers,2041.4206137554872,1966.5774611159075
78,early_bidders,2317.193167478142,2006.0510610674492
79,snipers,2549.075161714283,1814.8275170027248
80,snipers,2433.825011845035,2210.2029284493024
81,snipers,3891.701502200688,3604.941408342541
82,snipers,2862.656040676396,2066.679086590158
83,early_bidders,2143.851456033409,1901.371009671979
84,snipers,2613.07640499249,2401.4635034279663
85,snipers,2182.7852645788694,2150.8708320417536
86,snipers,3480.296747857921,1984.8406100998086
87,early_bidders,2533.939606173577,2526.8913074388647
88,snipers,2521.450981241829,2427.0847860644617
89,snipers,2504.72595829033,2456.7870241912065
90,snipers,2528.6014327012313,2364.965973117287
91,snipers,2678.237769488573,1963.1991316974354
92,snipers,2985.720733897496,2906.906981809094
93,snipers,2765.206211542283,2225.347763208358
94,early_bidders,2022.9645167613417,1910.3034575971305
95,snipers,3003.307379572911,2827.4945032029564
96,early_bidders,1873.8287898123326,1605.373425427552
97,snipers,2687.9961100621126,2555.037899384204
98,snipers,2880.3734451676983,2199.770239007855
99,snipers,2123.600814137083,1943.1761954179892
100,early_bidders,2929.703695181535,2207.742730955648
101,early_bidders,2847.614543239415,2144.220353869535
102,snipers,3357.061982263632,2886.187452425556
103,snipers,2603.6110889832185,2304.4316802648054
104,snipers,2792.658761101297,1923.4493719733887
105,snipers,2681.7642671310327,2082.6697694279883
106,snipers,2354.207859358654,2336.9749658418978
107,snipers,2105.0382421263266,1796.9590025331297
108,snipers,2740.6341526971146,2177.0987002470433
109,snipers,3472.398272662308,2897.8703013380136
110,snipers,1982.0068288087589,1900.3275152367307
111,early_bidders,2516.0884284337476,2142.8779070203063
112,snipers,2497.843549423599,2154.904332010873
113,snipers,3183.2725830197146,3022.5235734654357
114,snipers,3210.4790584460247,2372.6808079106745
115,snipers,3106.5241655170757,3007.7935838747303
116,snipers,3103.7533279206054,2454.01170875875
117,snipers,2480.1674732683095,2263.8172801487603
118,snipers,2778.4698927112386,2687.3736841783975
119,snipers,2512.798723037566,2284.154111119766
120,snipers,2073.32986760755,1816.9267596936857
121,snipers,2137.323104867162,1864.1055463808887
122,snipers,2656.510214919212,2496.2821758284927
123,snipers,2785.7765401072297,2251.2990385348944
124,early_bidders,2249.7299914001383,2083.1676871922887
125,snipers,2863.8692020750286,2292.1979267403103
126,early_bidders,2071.3631926239423,2030.4182030866627
127,snipers,2978.108984743457,2311.559349970335
128,snipers,2667.923265213491,1864.4709004923252
129,early_bidders,3163.7445603781343,3163.7445603781343
130,early_bidders,2078.049435705548,1958.3869159900273
131,snipers,2759.8785491625276,2667.9882007371243
132,snipers,2499.435387716808,2276.16047677673
133,snipers,1914.3854378317394,1894.731639985137
134,snipers,2350.6541537091425,2323.52390284626
135,snipers,3097.4864086834295,2866.2419289908644
136,snipers,3575.7350579550584,2620.3594709503886
137,snipers,3170.2481665176815,2221.3329317607604
138,snipers,2437.1213828133755,2236.712172515609
139,snipers,2833.265343241761,2275.6868402705363
140,snipers,2451.546966578273,2446.4775214582282
141,snipers,2473.0890839175786,2316.5300252120264
142,snipers,3134.8378764146228,2726.280460765958
143,snipers,3181.3210039387777,3011.293969753639
144,snipers,2734.2912680815384,2547.4454255926003
145,early_bidders,2275.051607303224,2251.7638686684822
146,snipers,2489.841077200381,2171.613887479348
147,early_bidders,2272.1156153607185,2100.262078914738
148,snipers,2650.154643195635,2197.3254449364485
149,snipers,2370.182731146926,2057.2484026234406
150,snipers,3256.3860481345105,2253.2749534405625
151,snipers,2975.4110056081827,2904.015346565795
152,snipers,2670.796377326034,2427.535970318527
153,snipers,2797.3812720731357,2719.691701848792
154,snipers,2675.752725580007,2629.9784855044963
155,early_bidders,1796.3327263679303,1790.3467544495186
156,snipers,2351.9037889256747,2246.8211798072593
157,snipers,2414.1811539740966,1776.5916646773053
158,early_bidders,1930.1862470959509,1712.4857827495891
159,snipers,2746.02779382406,2292.8186848563064
160,snipers,2435.6315045939928,2106.9840632361547
161,early_bidders,2485.0989576555194,2204.8558322154813
162,snipers,2145.4219879687694,1957.6122184341027
163,snipers,2943.370483012437,2580.5316670708853
164,early_bidders,2546.100335564633,2348.5383311121477
165,snipers,2530.5841812516255,2355.4747146118943
166,early_bidders,2371.0938964296406,2259.6274100071196
167,early_bidders,2127.4153422597083,1851.5514376412705
168,snipers,3382.614040961608,1967.9551553319986
169,snipers,3145.174166798514,2544.216653574589
170,snipers,2021.922852974906,1949.4575862529423
171,snipers,2699.646990902979,2505.650965568191
172,snipers,2268.5788547451393,2199.771492020938
173,snipers,2357.660063888682,1930.6980607418195
174,snipers,3004.282870522216,2264.625904516214
175,snipers,2456.3811427253127,2445.7788363994296
176,snipers,3244.0561558066092,3012.965649664705
177,early_bidders,2253.985541027424,1919.0299712569013
178,snipers,3264.5450093669738,2559.585316174258
179,early_bidders,2394.396782215562,1987.9581831225457
180,snipers,2763.633174977116,2573.2699814298085
181,snipers,2447.9648172451643,2235.117526359269
182,snipers,2609.844009373301,2057.743975471563
183,snipers,2373.362332290078,2287.2414682348485
184,snipers,2812.582235516878,2589.432690540604
185,early_bidders,2639.943432278626,2639.943432278626
186,early_bidders,2382.249708663441,2067.2354078869903
187,snipers,2904.6515816626043,2309.460918528909
188,early_bidders,2550.5887928872335,2487.033900841275
189,snipers,2623.3477591363344,1967.7162011792689
190,snipers,2615.879359458348,2399.5361879309567
191,snipers,3191.6269317926062,2331.8896337990514
192,snipers,2716.5578069505004,2031.7409520893939
193,snipers,2035.5454131514196,1929.765033250433
194,snipers,2266.156355291303,2128.1168131317586
195,snipers,2438.5935027149817,2238.8407503451954
196,snipers,2562.3953811927013,2467.6622280610363
197,snipers,3091.680075123856,2644.382687269582
198,snipers,1938.895433442769,1882.2931555863834
199,snipers,2668.2327260209654,2430.530811348434
200,snipers,2706.4820239394508,2136.992865993903
201,early_bidders,2318.13752226474,1908.6247738571512
202,snipers,2387.051249321369,2180.2204046400584
203,snipers,2494.9249918786354,2356.8781650917235
204,snipers,3430.1372936932366,2124.0325793009215
205,snipers,1930.343770435678,1754.261265318948
206,snipers,2468.1612515654588,2038.3740984271099
207,snipers,2336.980908870777,2250.868368641827
208,snipers,2945.057812828466,2522.557739235696
209,snipers,2578.637780584675,2371.814636723643
210,snipers,3022.5308910875156,2570.670275833681
211,snipers,2128.0128139782946,2074.3068472479504
212,snipers,2521.68822521711,1932.8330668606304
213,snipers,2413.948978355988,2099.534867621713
214,snipers,3225.8941931643476,2381.3948089760693
215,snipers,2349.213952145049,2025.2840410434055
216,early_bidders,2981.435542800974,2981.435542800974
217,early_bidders,2031.9932364771125,1851.1130333375875
218,snipers,2600.6771542508486,2304.247215670961
219,snipers,2943.7270597019115,2150.6649956110914
220,snipers,2128.869194515831,1944.734867029113
221,snipers,2540.977196571947,2238.6739080714487
222,snipers,2148.932367851653,1722.9970140992523
223,snipers,2330.7868535194643,2008.9768335794865
224,snipers,3218.0280709732406,2479.04864857424
225,snipers,3126.142137218501,1740.1405722941447
226,snipers,2875.141115690018,2419.6152249621377
227,early_bidders,2332.9958151906967,2045.4985347064155
228,snipers,3190.5428705471013,2636.151984305342
229,early_bidders,2585.9485567718666,2479.705396945107
230,snipers,2381.674677101578,2123.220250819591
231,snipers,2399.974245629092,2285.7186039118455
232,snipers,2916.410458813386,2142.1912247383116
233,snipers,2599.8270680165147,2148.046009462592
234,snipers,3388.1693871384778,1846.3208009843027
235,snipers,3187.8687173241847,2240.6988146160675
236,early_bidders,2035.2345592316133,1787.1613247861442
237,snipers,3536.480592077245,2520.2841047515935
238,snipers,3358.081649052214,2345.6638170528595
239,snipers,3212.912981586336,2419.888905720114
240,early_bidders,1952.1913569200615,1873.4331911310321
241,snipers,2920.690934222524,2122.1085635071045
242,snipers,2676.4321402551027,2533.7049791519903
243,snipers,2222.61898099134,1980.1183752713473
244,snipers,2731.1121398589216,2558.268812266362
245,snipers,2787.610854916688,2702.6676416005703
246,snipers,3303.291620255185,2090.081661161998
247,early_bidders,2291.6170726181094,1967.112175425102
248,snipers,2443.2876696182498,2364.2005668481315
249,early_bidders,2100.1171553831664,1960.564895312306
250,snipers,2573.6692175083263,2129.730895312592
251,snipers,2586.3638919542964,1931.0486680342788
252,early_bidders,2217.8815523460335,2044.2654030675822
253,snipers,3451.651237118873,2225.7407116391596
254,snipers,3045.7269075603595,2922.8048434427546
255,snipers,2819.26156235327,2153.293245483703
256,early_bidders,2229.9762453252674,2222.709002663655
257,snipers,2152.668233676012,2149.9944935318345
258,snipers,2805.228947140664,2552.145974662437
259,snipers,2550.360064482684,2059.074655403494
260,early_bidders,2947.797209763675,2352.2161407212857
261,snipers,2926.659774553551,1654.268978864592
262,snipers,2698.174568445664,2623.9167993677556
263,snipers,2791.899946993165,1967.466705458844
264,snipers,2227.030463334128,1984.8660574068235
265,snipers,2338.0885312284527,1973.4413036808105
266,snipers,2452.7988716801715,2312.462164852397
267,snipers,2731.5462433828607,2448.157737474546
268,snipers,2727.8122544288435,2692.876594824185
269,snipers,2918.3049087976487,2289.507422747848
270,early_bidders,2304.9510834812945,1972.733961053426
271,snipers,3159.636264643049,2559.242109728516
272,snipers,2121.386536455904,1954.3776237711454
273,snipers,3346.1983705127923,1929.7408050286801
274,early_bidders,2501.433365637984,2281.2352407173653
275,early_bidders,2650.9070691776183,2304.1923970980806
276,snipers,2177.9165281640685,1766.6931670291137
277,snipers,2323.301470017683,2237.576542854549
278,snipers,2848.4449179284893,2336.9873327192713
279,snipers,3062.3202098837205,2288.101216140394
280,snipers,2168.7748129011115,2064.8708766019827
281,early_bidders,2996.995412752972,2254.9797117473813
282,snipers,2813.5288546446272,2459.649283267317
283,snipers,2972.7638234811307,1959.68487448959
284,snipers,2757.992266669377,2233.5247516709333
285,snipers,2473.1761871517115,2261.369436674143
286,snipers,3570.917495879148,2679.1581067419334
287,snipers,3033.568876464077,1885.1910064983056
288,snipers,3314.922899165681,2135.793658247891
289,snipers,3232.67791822285,2915.1663789888935
290,snipers,2851.1473495206405,2529.3276002114135
291,early_bidders,2508.439391748414,2060.758299706009
292,snipers,2512.549131606171,2497.6375154161674
293,snipers,3056.4291456925584,2432.477560274979
294,snipers,2288.850040761947,1968.8375994363255
295,snipers,3334.2699345309743,2726.156545932242
296,snipers,3557.820820574069,1798.6081631932468
297,snipers,3066.045753398837,2200.979651626907
298,early_bidders,2387.4841936169623,2097.423215785363
299,snipers,2782.051408009851,2690.3152836922745
300,early_bidders,3053.9024728299773,2757.356787798895
301,snipers,3134.639698245401,1974.764934141932
302,early_bidders,2289.5313986607403,2151.369601917332
303,snipers,2319.3603434160195,2217.361232858087
304,snipers,2377.3320148097023,2109.0885433745298
305,early_bidders,2526.750517144224,2415.4305343217984
306,snipers,2900.213431787709,2571.693397584937
307,snipers,2917.347792016424,2014.7133814767235
308,early_bidders,1999.1867049435643,1910.1701374078045
309,snipers,2316.933122045282,2194.683818225451
310,snipers,3132.4634983039423,2087.9652201884264
311,early_bidders,2794.783793214722,2514.5412503043026
312,snipers,3991.4330512275264,3189.0176845397973
313,early_bidders,1918.804904044708,1802.6604289568395
314,early_bidders,2350.4236953356162,1692.371146517748
315,snipers,2931.7966304035476,2059.0530077070616
316,early_bidders,2251.3489096960147,1891.1211283658563
317,early_bidders,2309.7027853714208,2254.031917348872
318,snipers,3126.544478452831,2519.00980155431
319,early_bidders,2142.9445147427778,1715.696428926533
320,early_bidders,2428.2279071580015,2246.559629533551
321,early_bidders,2472.981935043375,2354.89984989737
322,snipers,2373.102403446385,2088.046419260416
323,early_bidders,2178.159878789958,2046.9974154115137
324,snipers,2804.9671150897157,2529.806032552449
325,early_bidders,2053.36590501701,1889.865764587449
326,snipers,2121.3233133982476,1846.157892707066
327,snipers,2755.479639985202,2704.920367248379
328,snipers,2399.662703318346,1649.4308407067078
329,snipers,2352.770673792191,2069.49173627815
330,early_bidders,1935.748129901366,1756.8509978469554
331,snipers,2285.2322810110372,2021.2640059006453
332,snipers,2941.9723590457793,2593.9405308629566
333,snipers,2214.368806806153,2018.2871135633363
334,snipers,2927.340807956969,2380.8217266068036
335,snipers,2415.512483704634,2248.002135807581
336,snipers,2847.7938817559916,2773.4548918177
337,early_bidders,2804.2959381725855,2773.317555800717
338,snipers,2758.944803108543,2301.9951393533825
339,early_bidders,2906.100337932484,2650.4597536166348
340,snipers,2493.6740350666287,2187.0327718864796
341,snipers,2543.6026873230876,2110.1798289918056
342,snipers,3159.161614063756,2397.2892245135536
343,snipers,2593.793089631838,2332.94570607022
344,snipers,3547.653745697171,2701.5612267179845
345,snipers,2466.6585185397325,2173.297738820018
346,snipers,2477.9715122196726,2122.94312039263
347,early_bidders,2226.0522734115566,2098.446300511956
348,snipers,3500.96362416442,2814.10522002323
349,snipers,2680.5350938262973,2566.6201553078495
350,snipers,2908.0631356309036,2640.381615079543
351,early_bidders,2267.4800136822505,2202.8349278796527
352,snipers,2728.958424062427,2209.2631707323685
353,snipers,2282.7707983148534,1865.6506968526448
354,snipers,2832.7164995657286,2268.0016549971497
355,snipers,2358.3442471968456,1957.0078173546565
356,snipers,3021.8701517098425,2624.08356089273
357,snipers,2996.121580240292,2695.383069997775
358,snipers,3108.3119718794433,2847.278415791664
359,snipers,2859.9941290878937,2164.8852723506902
360,snipers,2849.2529726981384,2290.4137405826777
361,early_bidders,2898.8962168530697,2482.538648015873
362,snipers,2555.708195714298,2171.468073348814
363,early_bidders,2586.556386339689,2552.715703911382
364,snipers,2942.977229341494,2273.06100122558
365,early_bidders,2555.856492660309,2262.561104373177
366,snipers,2892.9025139474543,2805.25383346316
367,snipers,2422.6431588615956,2216.1309690243115
368,snipers,2343.1164163026083,1889.9654600643216
369,snipers,2645.1670460454307,2180.1436528058384
370,early_bidders,3070.7297251888863,2289.2376080312465
371,snipers,2999.581137628598,2208.3087059715835
372,early_bidders,3084.051165204015,2313.640726305407
373,early_bidders,2370.240242570634,1967.22424895279
374,early_bidders,2755.2456709824264,2755.2456709824264
375,snipers,2242.13720419514,2037.219756083974
376,snipers,2720.156070539521,2665.624725882163
377,early_bidders,2249.174003555442,2185.6610521505545
378,snipers,2248.980962668523,2133.861692896716
379,early_bidders,2634.730162029061,2263.195278099194
380,snipers,3156.92351985715,2272.9941953970465
381,snipers,2498.729851693427,2447.2396891615776
382,snipers,2659.2275909590335,2510.6288391839976
383,snipers,1999.3772438169838,1856.7814713953371
384,early_bidders,2162.6703828098825,1880.4714122982266
385,snipers,3543.2910275419,2179.389193581369
386,snipers,2657.058392513738,2534.502564621287
387,early_bidders,2748.804737604345,2468.907056625901
388,snipers,2689.5925222779183,1897.4173009181682
389,early_bidders,2603.7683033736494,2526.6441763316243
390,snipers,2534.9711898565947,2121.3956122890113
391,snipers,2666.1256821079487,2230.8199027989085
392,early_bidders,2166.4128966279077,2166.4128966279077
393,snipers,3153.7007244744364,2105.9888118424756
394,snipers,1892.6429663188667,1769.482626661254
395,snipers,3508.027741925446,2788.6286418155623
396,snipers,3416.268149714116,3030.096895181572
397,snipers,2878.588536837615,2591.9537414510205
398,snipers,2456.2304819924725,1864.4607496223846
399,snipers,3007.1378060074803,2791.7745772863504
400,snipers,2634.2532573223493,1880.884625260413
401,early_bidders,2664.2158248271917,2664.2158248271917
402,snipers,1972.956038067926,1699.4909774994535
403,snipers,2962.007252213964,2095.1728864202996
404,snipers,2865.6431176147794,1832.336211331298
405,early_bidders,2315.309321625048,2125.6738135206533
406,early_bidders,2277.9037798706677,2133.460863339598
407,early_bidders,2509.5276309985475,2276.4208091974906
408,snipers,3091.7407433362423,2157.665526792512
409,snipers,3047.9846998047924,2555.441694973021
410,snipers,3089.6011131622263,1990.8659843488654
411,early_bidders,2306.958448376487,2291.1150075606674
412,snipers,2557.055120084074,2075.003741961318
413,snipers,2786.053484308409,2444.894451338834
414,snipers,2463.4027369649752,2015.6656800887572
415,early_bidders,2138.2270124172755,2138.2270124172755
416,snipers,3156.9293948928826,2594.212358308157
417,snipers,2517.061272480639,2385.5353768758414
418,snipers,2088.1806751701306,2056.3111984246134
419,snipers,3063.315314724422,2925.3435137930687
420,snipers,2700.522357712325,2481.1287800157415
421,snipers,2907.5973191626827,2410.023119272234
422,snipers,2899.919814961774,2706.6787964861505
423,snipers,2117.9587828285935,1870.197003495286
424,snipers,2932.2475096629532,1717.1625018406526
425,snipers,2640.988854414657,2293.8778766509104
426,early_bidders,2132.7539190368034,1992.11509224042
427,early_bidders,2639.713410643746,2639.713410643746
428,snipers,2724.384547385227,2108.2158127470666
429,snipers,2042.2152923600408,2040.3752900844256
430,snipers,3365.4251930419396,2462.8368493613984
431,snipers,3071.838327026484,2652.2386564410353
432,snipers,2189.446655587412,1933.7503342631308
433,early_bidders,2746.831551533451,2588.988852348103
434,snipers,2594.387835784376,2288.070271548516
435,snipers,2628.1120836922137,2415.9647407054636
436,snipers,2670.170949713345,2601.2496858667037
437,snipers,3183.29071850966,2220.9036861015134
438,snipers,3081.3432715739964,2756.4246118733677
439,snipers,2669.520330075234,2538.5547251987437
440,snipers,3066.240615291572,2247.558755207353
441,snipers,2489.0810926725144,2461.3335336421196
442,snipers,2505.569773130419,1894.5090143510465
443,snipers,3239.2515321745504,2946.9060548258512
444,snipers,3341.879445706759,2259.0977407391088
445,snipers,2662.0391601395386,2505.394389335377
446,snipers,3439.23996230812,2145.7454055911644
447,early_bidders,2097.9731317396477,2097.9731317396477
448,snipers,3203.6381216354425,2685.8614101303647
449,snipers,2596.991950444256,2396.6173522166046
450,snipers,2708.3191156535977,2021.0853526706173
451,snipers,2451.833691727528,2362.7430624935473
452,snipers,2231.014642569867,2153.4976140702092
453,snipers,2657.151616960652,2190.3818920677945
454,snipers,2865.8843303183476,2635.734004727178
455,snipers,2426.651126040851,2094.6653347835627
456,early_bidders,2163.6729723447943,2082.0809660873992
457,snipers,3243.4224145435983,2573.5036486615336
458,snipers,2631.433489340733,1830.9801982991034
459,snipers,3386.364194931756,2629.189103065555
460,snipers,2920.0049158719985,2361.1665424869384
461,snipers,2674.490799429283,2294.446422341179
462,early_bidders,2857.645622140922,2138.4450637312225
463,snipers,3147.4295437028986,2384.517597139541
464,snipers,3016.2238447637105,2676.1647476920784
465,snipers,2543.7424003987644,2274.709203564811
466,early_bidders,2527.894598234495,2515.8040240930463
467,snipers,2705.9039012197486,1829.3008660743972
468,snipers,2304.0378733558305,2037.764435076769
469,snipers,3047.5061669970355,2860.7316947837485
470,snipers,3119.8450444936393,2456.650946170067
471,early_bidders,2964.0264189763416,2312.16175342125
472,snipers,2459.5472581475888,2203.1658702150526
473,early_bidders,1863.6612898682365,1830.23951807809
474,snipers,2476.9918888482944,2374.709753598967
475,early_bidders,2446.2810113954256,2441.3180971470383
476,snipers,2854.15656811893,2715.038897755818
477,snipers,3001.0158296090917,2472.375488900764
478,snipers,2411.830222325503,1979.632846102449
479,snipers,2190.4253044293573,2075.0667559619465
480,snipers,2463.7070263291607,2274.7299390528283
481,snipers,3084.5457106397243,1928.0879671759476
482,snipers,2907.250108159031,1947.3884756248106
483,snipers,2756.34948685552,2503.4345564579453
484,snipers,3180.5619150844304,2431.956247227965
485,snipers,2280.5385517179257,2043.8765910159486
486,snipers,2748.964585327053,2383.2185150757305
487,snipers,2739.3433088400398,2058.6420985086206
488,snipers,3215.0904558513635,2421.536097565601
489,early_bidders,2241.945953129549,2178.9285634173248
490,snipers,3166.2790740880528,2437.216266015159
491,early_bidders,2111.7437217301303,2103.5168694005106
492,snipers,2839.8130510525966,2021.1199548536176
493,snipers,2764.690702092326,2426.0530923821902
494,early_bidders,2487.6775829464973,2181.7593267033594
495,snipers,3112.7173736658488,2885.80533468537
496,snipers,2687.560406902251,2148.5581363801193
497,snipers,3023.688922722178,2171.3804316661463
498,snipers,2666.8310274800397,1946.2096834740641
499,snipers,2381.4565123674724,2073.8092626685548
500,early_bidders,2420.965257181306,2299.062351904241
501,snipers,2176.0566533880165,2174.866591456257
502,early_bidders,2209.6088801205306,2037.2952822459301
503,snipers,2120.202094553805,2038.2135574355334
504,snipers,2700.4768482223217,1857.9658229379302
505,snipers,3306.2634652649867,2742.36335747394
506,snipers,1903.3701441257451,1752.920762963873
507,snipers,2937.8940026315577,2674.412607751426
508,early_bidders,2297.393096039012,2076.3694802201026
509,snipers,2838.635222511278,2105.2045231461266
510,snipers,2734.611065706708,2388.7919268604514
511,snipers,3253.4282398915466,2170.473844540217
512,snipers,2555.598287962226,2139.3314723841613
513,snipers,2606.6012416500835,2019.5228644783842
514,early_bidders,2375.1858982654308,1768.0357817025856
515,snipers,2639.1328669062195,2629.794395772401
516,snipers,2590.4300977897724,2369.8412169250428
517,snipers,2541.268852930824,2075.7784544329793
518,snipers,2598.366688864122,2213.4110950291756
519,snipers,2525.7310899463814,1760.400712307956
520,snipers,2085.616968756506,1998.233957064832
521,snipers,2160.6622115435234,1943.3695652428012
522,snipers,2310.6697692146668,1743.4059271029328
523,snipers,2357.8925574047844,2286.6239865741823
524,snipers,3842.4802382237394,2628.8998664375868
525,snipers,2986.7510723177957,2458.288264372278
526,snipers,3128.222890442108,3084.7610493954
527,early_bidders,2588.5330676901663,2204.3380247269465
528,snipers,3175.348052247623,2328.80388135415
529,snipers,2852.690038501202,2572.6316529349388
530,snipers,2854.6051298270268,2140.662191203937
531,snipers,2667.546533894383,1902.9322096422993
532,early_bidders,3009.853079191566,2177.291635627295
533,snipers,3670.7547093274006,2190.730046355349
534,snipers,2785.279114545325,2443.657177452818
535,snipers,2838.3720356924355,2264.3250319851245
536,snipers,1838.9577048402853,1836.92706910281
537,early_bidders,2538.479389888495,2439.339530781724
538,snipers,2435.331393409717,2246.6107497854323
539,snipers,3858.817202027866,3145.923979385718
540,snipers,2760.615224595943,2320.7427447299806
541,snipers,2000.9071543930145,1862.1392293402496
542,snipers,2623.9047513479236,2062.510758034921
543,snipers,3273.6229853062305,2547.455278264198
544,snipers,3080.836996841881,1992.791218881238
545,snipers,2285.6234731583195,2267.326591807639
546,snipers,2697.8208998399627,2570.970578391796
547,snipers,2498.3380814757143,2373.123192219321
548,snipers,2342.075813911091,2187.696917211097
549,snipers,3514.674183491688,3127.8987686717974
550,snipers,2787.5312210852,2572.975477728811
551,snipers,3506.7784046360684,2353.8187756233165
552,snipers,2369.665694883553,1948.1809876400685
553,snipers,2794.7404126830593,2305.1899072372635
554,early_bidders,2586.527331598714,2518.1689521374647
555,snipers,3678.6185386186144,2842.5331366087457
556,snipers,3005.103391317126,2203.928100765835
557,snipers,3543.1029366869657,2479.2660803095405
558,snipers,3083.152741347307,2990.5715933201063
559,snipers,2360.5343605605435,2085.7664432563415
560,snipers,1749.4583423026945,1736.2315593974195
561,snipers,2009.3602079108134,1784.0177565487024
562,snipers,3654.9190170757493,2954.0629203433646
563,snipers,2495.2289193197435,1888.9025710961903
564,snipers,3098.615555231367,2078.2958620722275
565,snipers,2698.3866789477966,2273.6197750568463
566,snipers,2780.4033310801788,2476.227868351598
567,snipers,3067.3551440678093,2176.8712910817785
568,snipers,2889.1959548825052,1588.3421266369837
569,snipers,2608.122521038829,2509.9559994346446
570,snipers,2463.041545810905,2344.0222107137033
571,snipers,2643.992972961946,2510.261171167401
572,snipers,2355.770562584076,2214.1687129183156
573,snipers,3311.2833750049886,2420.2901072515488
574,snipers,3103.7370868897096,2911.2760629922436
575,snipers,3292.6709391909517,2097.155041971815
576,early_bidders,2025.4068971543456,1637.351592480176
577,snipers,2978.4662408375334,2247.1959454504167
578,early_bidders,1908.1405180871882,1900.5909478473995
579,early_bidders,2212.118498336715,2106.9090941922914
580,early_bidders,2525.0896860510393,2171.910109527718
581,snipers,2936.114242607372,2069.547046311416
582,snipers,2204.653479472272,2123.6173101340482
583,snipers,2497.11331412736,2484.9784787732515
584,snipers,2620.123652794019,2406.3717197039578
585,snipers,2946.749375555736,2569.9991403389313
586,early_bidders,2921.3646605985878,2090.441818272133
587,snipers,2820.300236207575,2715.41201185532
588,snipers,2929.69244992238,2391.568717044469
589,snipers,2643.756078876271,2200.717414243014
590,snipers,2749.116099365805,2557.649087043854
591,snipers,2595.5789298104237,2281.7917019797624
592,snipers,2204.9646649543333,1948.9100705732947
593,snipers,2846.582848653815,2650.3302105326984
594,early_bidders,2205.3723430444547,2070.399526215412
595,snipers,2709.579564487145,2413.1507614033176
596,early_bidders,2806.3639414123195,2041.9765398217205
597,snipers,2097.6977208396406,2071.5682582087543
598,snipers,3300.534120196038,2050.411107711215
599,snipers,2739.2755200725505,2736.908129770334
600,snipers,2592.089829526996,2135.775761072322
601,snipers,3109.177410856255,2530.2577659997123
602,snipers,2393.9658493646243,2248.515143000482
603,early_bidders,2672.1415331149356,2146.6388770419517
604,snipers,2387.7530203987185,2367.1344721438995
605,early_bidders,2611.396876743507,2431.5232902031385
606,snipers,2712.712208142735,2608.983670992916
607,snipers,3416.2793853252633,2530.2343981971735
608,snipers,2393.6820013782626,2047.3782206350857
609,snipers,2435.1949689155203,2161.624043397387
610,early_bidders,2104.184684655228,2021.6696854619688
611,early_bidders,2748.6647149170385,1905.6784475377526
612,snipers,2593.38532185381,2263.734901656448
613,snipers,3133.842502801217,2329.8884833205448
614,early_bidders,2350.947720873019,2048.394903466904
615,snipers,2425.7071743909687,2373.5313094334765
616,snipers,2762.2408426661586,2680.138840122512
617,snipers,3257.2497107715362,2332.5569850621514
618,early_bidders,2266.5511955517914,2262.066641184431
619,early_bidders,2347.2640578854357,2295.424215755699
620,snipers,2803.600128466399,2470.004367875207
621,snipers,2580.3669776451416,2364.518217908314
622,snipers,3031.423208966321,2165.511254240511
623,early_bidders,2532.306188438457,2524.890271762467
624,early_bidders,3191.418174964874,2524.3494290119224
625,snipers,2674.5782766647253,2542.932697236778
626,early_bidders,2246.1290895784687,2163.0959898713763
627,snipers,2519.113779782354,2320.0994346441053
628,early_bidders,1787.8459295283378,1741.1267590736732
629,snipers,2698.7091399140368,2236.481927072487
630,snipers,1847.4678722678632,1805.8328119510688
631,early_bidders,2529.3401275642796,2529.3401275642796
632,snipers,3772.012837704131,2707.107993092126
633,snipers,2778.413921331049,2099.575088906038
634,snipers,2522.0716703030785,1897.191785788054
635,snipers,2125.4639945519802,2036.8974820542805
636,snipers,2053.608023105126,1725.369536108945
637,snipers,2784.8080255189466,2470.08441571086
638,early_bidders,2215.076123608809,2183.7229239597427
639,snipers,2918.599201733572,2090.2183209761533
640,snipers,2098.1113999192717,2077.331866994603
641,early_bidders,2241.392340820487,2085.4925366117523
642,snipers,2527.1813091111608,2269.2304792595855
643,snipers,2813.5984177849177,2201.8350838777123
644,snipers,2318.172672832427,2164.4648887588373
645,early_bidders,2840.1229207998435,2714.4257203109664
646,early_bidders,2611.226602150435,2540.5473895583154
647,early_bidders,1905.4114979570459,1890.1573190015874
648,snipers,3158.3358324525375,2291.089226799105
649,snipers,3571.3206785226703,2884.9942674880126
650,snipers,2580.0101216847684,2213.3783980078792
651,snipers,2747.4089610895826,2286.6389325885348
652,snipers,2782.3539411927413,2160.6059062358413
653,snipers,2632.1412938115764,2261.079794752255
654,snipers,1979.7397315972205,1955.2299137071402
655,snipers,2366.4601667542847,2046.6298139574155
656,early_bidders,2399.426683852347,2113.9374795279555
657,snipers,2778.9663925817536,2708.448914920119
658,snipers,2744.6408317781834,2732.2668248188065
659,early_bidders,2556.9562980998503,2556.9562980998503
660,early_bidders,2370.314484377046,2037.0655826862744
661,snipers,2795.976773276225,1980.767628709926
662,early_bidders,2590.445032892756,2590.445032892756
663,early_bidders,2018.956279714741,2001.8245740512443
664,snipers,3296.6090753442613,2797.0641077823693
665,snipers,2588.072374894041,2090.082171346178
666,snipers,2772.3500059683674,2124.7125757471426
667,snipers,2365.510677380437,2273.8810871258916
668,early_bidders,2907.383301991229,2907.383301991229
669,snipers,2820.04474432473,2647.0951242761075
670,snipers,2302.393566090368,2197.9968898427887
671,snipers,2122.892032200633,1883.69160275916
672,snipers,2846.4891201894507,2373.8549119517993
673,early_bidders,2779.488601016483,2700.367883310206
674,snipers,2773.087125404432,2071.372124580201
675,snipers,2687.9505748719857,2229.9973535556837
676,snipers,3344.189997399279,2319.7252651181943
677,early_bidders,2705.031717817498,2498.9357395154757
678,snipers,3316.46525140642,1968.4105685729835
679,snipers,3417.6575489511765,2550.68159531939
680,snipers,2731.8838501777614,2170.852708744349
681,snipers,2738.7427347108087,2269.5540151675914
682,snipers,2357.630486137537,2049.104276078464
683,early_bidders,2854.981280307192,2320.35962986468
684,snipers,2595.5035516460703,2038.7057597271753
685,snipers,2354.4948185104004,2141.5553144214423
686,snipers,2321.05914254254,2182.144496758541
687,snipers,2521.6759514269365,2423.8763138697764
688,snipers,2441.2148310987654,2316.735898746442
689,snipers,2998.773423292478,2507.312436620586
690,early_bidders,3059.0964291403693,2877.304017547947
691,early_bidders,2643.6455950267964,2643.6455950267964
692,snipers,2535.4506149260374,2426.9809924449582
693,snipers,2936.174023954641,2443.245856976231
694,snipers,3127.2082861550007,2415.025347966994
695,snipers,3033.2640762211495,2133.2656352509284
696,snipers,3150.6837314245117,1954.9803653348247
697,early_bidders,2646.5874952978374,2481.659915083863
698,snipers,2435.589016953835,2306.321009562858
699,snipers,2348.977943721,2179.315947365502
700,early_bidders,2223.873466705054,2223.873466705054
701,snipers,2604.0361713920306,2379.0724770664847
702,snipers,2279.0855801852867,1973.510946908876
703,early_bidders,3259.0854109544553,2627.9692648953223
704,snipers,2235.509904064224,1948.658217795688
705,snipers,2236.8670255426096,2144.3819245286627
706,snipers,2499.305640582681,2118.7019178622895
707,snipers,2537.3733141516013,1850.9330186868863
708,snipers,3376.3870470961756,2198.764064734156
709,snipers,2790.016315635011,2597.052568750528
710,snipers,2393.6664896960456,2315.7852994057644
711,early_bidders,2204.7626498021987,2177.813628158992
712,snipers,2503.950956647085,2316.5201061549215
713,snipers,2809.0984116960994,2207.5952673380925
714,snipers,1951.264073859981,1771.9154012548647
715,snipers,3307.684539658224,1889.1323576972677
716,snipers,2787.550850869583,2346.3693650203013
717,snipers,2054.549439971885,2040.4874605422149
718,snipers,3494.827689613614,2576.583889284443
719,snipers,2096.8216281950663,1955.6051520337396
720,early_bidders,1877.4230862760191,1754.7977131975067
721,snipers,2272.80832886122,1528.9076742033747
722,snipers,2744.444565529492,2304.3833575193453
723,snipers,3243.4660771357658,2140.5197460765876
724,snipers,2308.4386505482507,2219.8004524780026
725,snipers,2935.2718089985647,2441.7870490116775
726,snipers,3040.65052510918,2541.320735637748
727,snipers,2458.9047687614047,2434.0322980829205
728,snipers,2589.8310002748876,2324.8908426109956
729,snipers,2521.795021829083,2153.96397401813
730,early_bidders,2316.48439619507,2284.092580988915
731,snipers,2970.3099608259095,2454.83640627365
732,snipers,2252.5647409941676,1863.2778713331068
733,snipers,2773.5470146892812,2321.3287656442317
734,snipers,3044.1714204609048,2451.3433410000926
735,snipers,3263.7552976840384,2491.7284685715967
736,early_bidders,3126.992419813909,2379.8866422641013
737,early_bidders,3040.6170187106354,3040.6170187106354
738,snipers,2639.7123040772744,2285.6989580542295
739,snipers,2737.6512400636834,2314.273141081741
740,snipers,2124.9899865148827,2082.534183420647
741,snipers,2573.903428157723,2354.3772395093933
742,snipers,2169.324894926393,2077.4469141700474
743,snipers,2147.1560959913236,1907.0340938745305
744,snipers,2448.0497433703035,2122.5609229558754
745,snipers,2113.545042385154,2049.4222970544815
746,early_bidders,2148.5065365685546,1988.661377873773
747,early_bidders,2344.953803139647,2341.869034188847
748,snipers,2377.5538289391798,1956.672314867548
749,snipers,1870.522233560133,1594.390386040124
750,snipers,2620.9833998607824,2537.2237730499883
751,snipers,3718.0769501370014,2398.5642628168503
752,snipers,3133.177584370541,2492.57656851127
753,snipers,3248.281092703156,2314.36330853832
754,snipers,2509.223628434561,1954.4761423128798
755,snipers,2588.9284176652,2441.038916259833
756,early_bidders,2312.4974891567035,2003.4164276861654
757,early_bidders,2669.761762250594,2640.9209878047245
758,early_bidders,2493.1130046855124,2310.3406069045855
759,snipers,3017.834119429007,2197.6766725183634
760,early_bidders,2014.457483404255,1845.5430579293409
761,snipers,2769.5204401641226,2577.510106581901
762,snipers,2345.7496237200444,2026.558742999092
763,early_bidders,2543.4662740663325,2223.5324271989284
764,snipers,2849.232576120735,2454.894158762723
765,early_bidders,2373.6915976077075,2371.5922754687854
766,snipers,2454.6767709845453,2454.1069900760685
767,early_bidders,2135.1286449209156,2088.128113775861
768,early_bidders,3581.264849826065,3581.264849826065
769,early_bidders,1757.3811286835535,1366.5356871712956
770,snipers,2969.2450199348255,2051.2325166461114
771,early_bidders,2465.1394125684174,2318.817513059678
772,snipers,2556.4273699786527,2110.3219401119613
773,early_bidders,2262.260309111826,2166.715249971517
774,early_bidders,2159.0685397359007,1750.2953358930918
775,early_bidders,2134.673855919826,2116.8543947100575
776,snipers,2623.5889396874245,2608.1844270935667
777,early_bidders,1770.22567930049,1597.3920055100662
778,snipers,3279.6371130071843,2767.3801346087357
779,early_bidders,2297.4876460404366,2297.4876460404366
780,early_bidders,3126.1553733613446,2006.501268938225
781,snipers,2590.4463099198183,2106.3954261667996
782,early_bidders,2353.925517162166,2129.5522064105435
783,early_bidders,2334.794174054496,2253.9205070910984
784,snipers,2996.815807278762,2789.04370601302
785,early_bidders,2484.835444894458,2306.202912085906
786,snipers,3167.3766013912846,2367.300012525458
787,early_bidders,2260.3354488635314,2225.847598780189
788,snipers,3127.7979765636146,2398.392480732896
789,snipers,2474.1705306167596,2468.2062968056775
790,snipers,2651.8172691999434,2455.282368701417
791,snipers,2865.276968797277,2330.2943320504955
792,early_bidders,2155.8775387690725,1920.121565379485
793,snipers,2976.157737686835,1953.5434509142933
794,snipers,2609.5479695163,2132.364914830381
795,snipers,3154.588646254085,2443.204315814814
796,snipers,2239.610152216658,2048.7562580798217
797,snipers,3008.4631701593553,2219.1720743656188
798,snipers,2809.4600080447153,2733.495339559567
799,early_bidders,2352.721719649128,1933.9903013778578
800,snipers,2733.665051453485,2616.6822116690046
801,snipers,2463.17057713601,1983.6347613890844
802,snipers,2883.8686266860655,1974.2499957959867
803,snipers,2378.1246871907833,2099.0732052109533
804,snipers,2698.2838597519412,2142.45557983136
805,early_bidders,2309.7543698471345,2308.6672808177595
806,snipers,2885.2837806002153,2595.9547928033026
807,snipers,3056.3170394403614,2127.4219925329203
808,early_bidders,2587.2987913726947,2587.2987913726947
809,snipers,2855.64259486168,2739.402656083363
810,snipers,2834.3358599729113,2036.1393968950479
811,early_bidders,2167.272936701302,2099.0361096953184
812,early_bidders,2354.4763231999627,2312.9451014948336
813,snipers,3302.163385650118,2800.031515832588
814,early_bidders,2312.504468507861,2301.2986170147083
815,early_bidders,2584.8607426554577,2468.1456161692986
816,snipers,2690.8990144358236,2183.5056231016747
817,snipers,2409.72826418113,2111.783010501612
818,snipers,2690.026375413718,2358.6574839149353
819,early_bidders,2239.1731875308997,2098.0863058711584
820,snipers,2945.8782732045697,2257.5741050105007
821,snipers,2543.0737930636787,2266.0670735287117
822,snipers,2818.360899424517,2423.338003636833
823,early_bidders,2831.3278923800863,2831.3278923800863
824,snipers,2549.7342824909865,2355.239249871108
825,snipers,3446.0078618717916,2609.044445589696
826,snipers,2981.3865380649286,2440.0713486673094
827,early_bidders,2314.3735528515513,2266.884481509954
828,snipers,3282.0935390770983,2432.360595867342
829,snipers,2768.927952238658,2671.8795800044436
830,early_bidders,2850.9050379015293,2850.9050379015293
831,early_bidders,2314.9684894207844,2205.4856530088914
832,early_bidders,2631.330662687527,2631.330662687527
833,snipers,2598.1408363193987,2519.4984614710493
834,snipers,2733.686924805143,2246.1146774372796
835,snipers,2665.837099352372,2320.203852878329
836,snipers,2465.5401138629395,2310.1009966647484
837,snipers,3377.464730091514,2622.5429482927507
838,snipers,2427.852972748645,2089.6326352129545
839,snipers,2411.4280942486844,2302.81245741209
840,snipers,2402.128076776686,2363.929587920461
841,early_bidders,2726.0334571044914,2441.6092266278683
842,snipers,2933.1709210266868,2556.1642379883915
843,early_bidders,2403.0535476327805,2229.858312881163
844,snipers,2625.442158572644,2029.3686835805413
845,snipers,2531.415561313157,2079.3508615668643
846,early_bidders,2752.1507878409184,2034.11013358951
847,early_bidders,2266.459703841069,2186.2234260435266
848,snipers,2837.4968767414066,2345.075763697392
849,snipers,2395.452670310685,2246.959398074703
850,snipers,2775.8873011543665,1901.9208758920183
851,snipers,2459.2144386033974,2182.0549376279932
852,snipers,2802.391361780812,2176.805782494275
853,snipers,2011.2016646393424,2009.7749421445571
854,early_bidders,2548.853445184825,2437.499976727053
855,snipers,2428.719025938502,2025.326861139491
856,snipers,2891.594064704653,2432.0561353966764
857,snipers,2712.614996133409,2630.119515884354
858,early_bidders,2179.052115040359,1952.9128865246364
859,snipers,2407.557473004146,2256.3702867862316
860,snipers,3364.669646004635,2875.102197125476
861,early_bidders,2755.321949911471,2601.5100526818305
862,snipers,2755.9680600515917,2022.6978457401435
863,snipers,3746.0651227341896,2573.254450219629
864,snipers,2799.7654787839874,2075.4971519908213
865,snipers,2192.6050044886697,2189.8629838531433
866,early_bidders,1789.3822063702953,1726.757063511456
867,snipers,3568.551740158905,3284.616229819426
868,early_bidders,2252.109654454902,2211.4346705763123
869,snipers,2833.7481337370027,2583.3037415421486
870,snipers,3153.066297005631,2973.127442743513
871,snipers,2390.1224722589523,2343.7023492906146
872,snipers,2500.074054127197,2436.768733160766
873,snipers,2559.8177214501993,2288.6581171294447
874,snipers,2542.360592302397,2261.8828411980826
875,snipers,2604.1364721303516,2265.3697144090956
876,snipers,2508.707529737442,2176.096581358017
877,early_bidders,2222.858824815777,2212.3054781148367
878,snipers,2522.826966318506,2344.469566892599
879,snipers,2884.1390005088488,2454.2439330980133
880,snipers,3006.0274499158504,1755.6221212766325
881,early_bidders,1982.6287203154682,1978.9091791267156
882,snipers,2759.774251287654,2509.4353079254047
883,snipers,2173.1470924613022,2086.943683842812
884,early_bidders,2116.096130925211,1676.210854746265
885,early_bidders,2253.3381290341003,2240.6985230720643
886,snipers,2604.531193051438,2260.55103663335
887,early_bidders,2915.667263961002,2554.1589335456774
888,snipers,2404.2324749724335,2194.4153421101582
889,snipers,2104.1492344388093,1759.3593470713463
890,snipers,2673.850243596605,2382.808721926522
891,snipers,2203.738868514094,2093.9721105414
892,snipers,2866.326314968604,2333.7702286006675
893,snipers,3270.180567271231,2100.870340004084
894,snipers,3130.080330582974,2063.4275420949393
895,snipers,2110.897806849433,2021.3681078165168
896,snipers,3303.8337089416227,2198.376923290646
897,snipers,2586.5780683820994,2378.104371636896
898,snipers,3011.0982519148783,2181.2183501513214
899,early_bidders,2372.45087049676,2372.45087049676
900,snipers,2716.9442985125916,2205.3867662002185
901,early_bidders,2566.010567723998,2566.010567723998
902,snipers,2417.3353613800514,2386.326672783566
903,snipers,3010.964001119213,2410.9156180259174
904,snipers,2834.081156302234,1894.2345715502809
905,snipers,2645.235320395026,2527.774203409027
906,snipers,2533.219322262169,2240.248603955263
907,snipers,2664.770105191954,2365.770553481828
908,early_bidders,2296.3274047616337,2155.3475715282116
909,snipers,2584.352007911595,2156.078657888719
910,snipers,2305.7172879315744,2033.9327800680733
911,snipers,2660.4142192535305,2139.9616570741528
912,snipers,2541.4627909985866,2472.6217421900546
913,snipers,3275.4853150416084,2038.850839703156
914,snipers,2786.466789014265,2731.808298288674
915,early_bidders,2195.7636046627886,2076.067450764679
916,early_bidders,2420.2516138852184,2384.320890041622
917,early_bidders,2458.6403578636846,2219.5767833513723
918,snipers,2884.754417153762,1925.4868382702946
919,snipers,2829.488111157176,2679.149957214926
920,snipers,3740.6415618614983,2214.805313555644
921,early_bidders,2102.980708167097,1958.4915193900565
922,snipers,2429.3187238014443,2021.6371001847087
923,snipers,2245.558900513261,2214.4195904228895
924,snipers,2606.2229817505163,2239.9666193808453
925,snipers,2422.8293738899815,1905.3260234906638
926,snipers,2222.482399014378,2002.5323367034098
927,snipers,3057.190033983839,2511.134575782476
928,early_bidders,2453.0130359651384,2030.6724188256758
929,snipers,2535.8070465829396,2492.3889727141586
930,snipers,2407.0317728129785,2347.583618251657
931,snipers,2562.7435291732286,2376.7760590875396
932,snipers,2348.7087974835717,2170.393518536209
933,early_bidders,2362.834606808782,1954.8555439771055
934,snipers,2646.823302831342,2300.4952209840285
935,snipers,3337.949881270809,2894.4708999206905
936,early_bidders,2496.585176603832,2146.2346373665523
937,snipers,2872.769522396288,2015.4999811874509
938,snipers,3205.1560158584434,2205.2081967455606
939,snipers,2923.3392960388705,2383.3485127993463
940,snipers,3050.953391947022,2510.535827509978
941,snipers,2835.8487052781106,2646.324355492865
942,snipers,2452.0905202932477,2224.9434059767673
943,snipers,1945.358864763731,1847.256459396798
944,snipers,2900.0356833376586,1869.256206221621
945,snipers,2816.599739176253,2483.412627878213
946,snipers,2114.6456682330536,2104.300721453446
947,snipers,2298.1043077191043,2139.510494354976
948,snipers,3090.3462091775737,2672.827305130108
949,snipers,2114.302876010712,2058.034802333096
950,snipers,2392.4888414783895,2294.7750788200956
951,snipers,3904.0243987630656,2202.808019881989
952,early_bidders,2556.7888111317598,2470.005721256912
953,early_bidders,2228.844327528964,2228.844327528964
954,early_bidders,2391.3849674484663,2129.8184735182194
955,snipers,3444.7239400372246,2469.994694534939
956,snipers,2766.3849938121543,2665.1402326929624
957,early_bidders,2560.77139494704,2309.246719633521
958,snipers,2579.378367435278,2335.825752223854
959,snipers,2170.791274849176,2117.5432344619894
960,early_bidders,2471.044074182293,2188.472192651734
961,snipers,2428.359498586016,2201.704832402841
962,snipers,2432.998147772834,2293.8981605594468
963,snipers,2638.849196796465,2207.0844252819966
964,snipers,2208.3158747725893,1864.709635103358
965,snipers,2767.2087855875398,2155.2857640052302
966,snipers,3027.139284670694,1688.1806485955985
967,snipers,2463.752982341565,2224.8583230842796
968,early_bidders,2022.8154566688047,1789.0710008634946
969,early_bidders,2382.48606903264,2382.48606903264
970,snipers,2874.6311306370917,2702.5835990232526
971,snipers,2104.088263044581,1841.89827188677
972,early_bidders,2605.088723293283,2399.748981297438
973,snipers,2829.622729152215,1635.4994366311716
974,snipers,2746.115924778076,2101.5004008508326
975,snipers,3377.3728349857956,2478.603526486695
976,snipers,2405.859365610419,2398.718345618184
977,snipers,2332.3951958820658,1900.1461727831015
978,snipers,2942.974443761139,2204.166614515337
979,snipers,2375.482612046213,1980.2376362457892
980,early_bidders,2687.195868515464,2262.906924469289
981,snipers,2415.2426762051496,2361.8613587531936
982,snipers,2153.1707865509975,2139.543186709154
983,snipers,2710.1652958166032,2164.339124496016
984,snipers,2470.881618078601,2180.52821023642
985,snipers,2929.8720871805103,2701.6806996010564
986,early_bidders,2310.609006309978,1927.3808500601763
987,snipers,2921.9924554212494,2391.3829792555966
988,snipers,2533.185443674823,2397.469824421518
989,snipers,2499.0446917550616,2170.8686128003965
990,snipers,1946.6085170483336,1676.9004068362838
991,snipers,2788.3903295432683,2197.7293348185635
992,early_bidders,2333.0935147363853,2168.3142507462767
993,early_bidders,2057.074364438783,1904.332442494826
994,snipers,2599.4659401476856,2483.4345498089074
995,snipers,2604.2865328714634,2143.323384322513
996,snipers,2529.63028454971,2375.25359576768
997,snipers,2638.480859788442,1993.7935852714093
998,snipers,2943.960045760947,2171.968984677972
999,snipers,3022.655630572992,1937.1518531803563
